"","t1","t2","t3","t4","t5","temp","v","north","east","time","err.rms","err.metres","err.millisecs","sound.type","sound.name","species","low.peak.score"
"1",0.541692469228216,1.14432761631401,0.260462733921513,0.623553312907499,1.12447200742159,21.5,344.091588483172,4565920.71091256,278757.508372866,0.807429013373271,2982.9213811653,328.260076846711,953.990413696977,"song","song","DICK",0.510381076330203
"2",1.90329000025654,2.02637138411159,2.00895420715097,1.93208639949809,1.94393007983132,21.5,344.091588483172,4565838.35458947,279048.23898794,2.04006700899333,218.843548814565,61.1261383920389,177.644965578774,"call","check","RWBL",0.833067013227152
"3",3.15426342576005,3.23635568447196,3.04883234950769,3.18828468714985,3.17632499457938,21.5,344.091588483172,4565836.94053749,279016.846230975,3.1170273666264,246.43570712774,27.0603125245928,78.6427609110712,"song","song","YEWA?",0.720317983458401
"4",3.2134098673128,3.31501016471324,3.38456282544794,3.36691340235666,3.35100569864939,21.5,344.091588483172,4565844.94854222,279028.319295568,3.29869658649068,123.908894023445,26.6387336594396,77.4175671566651,"call","check","RWBL",0.894470425198739
"5",3.77431098592135,3.32472205895134,3.44060267597512,3.34806074033588,3.32762488001907,21.5,344.091588483172,4565793.37095921,279062.496919153,3.52410741053063,278.301433159476,104.098425109716,302.531153314742,"","","",0.876652192585082
"6",4.96713746517121,5.07814277652726,4.9958177077496,4.95657106001075,4.99082479102543,21.5,344.091588483172,4565846.7441943,279036.539179417,5.05527371268595,113.918505453854,47.834404531828,139.016489018787,"call","chit","RWBL",0.847176183085856
"7",5.97289842728886,6.30626337995045,6.34852908624401,6.29639364084343,6.26457824654553,21.5,344.091588483172,4565885.68400797,278973.525248446,6.07570780510034,380.242123415887,35.0358492810399,101.821289603402,"call","check","RWBL",0.891849335821579
"8",6.62973045296029,7.07235671818083,6.42107373769236,6.7927543974434,7.06840884488139,21.5,344.091588483172,4565863.40695258,278861.404768828,6.8173224580494,1401.89402914912,197.022364113936,572.586981804617,"song","song","DICK",0.588762465176552
"9",9.65419946079531,9.74302788762163,9.3320948124081,9.6064759530494,9.67893208159793,21.5,344.091588483172,4565802.39976401,278984.364120135,9.4979690777984,443.461020278905,56.5591849172328,164.372471778684,"","","",0.528000795741094
"10",11.5950633385764,11.8262446256342,11.6480109362149,11.6317550948347,11.6089969169023,21.5,344.091588483172,4565824.26358727,279020.694650698,11.6921957597107,227.948577284009,46.8958951398152,136.288990226533,"song","song","DICK",0.581195013061143
"11",13.36541931241,13.4626074167841,13.5832507148065,13.3466087115634,13.3723862016125,21.5,344.091588483172,4565859.26381808,279015.590957463,13.4335411726078,211.135895106834,38.4039126286042,111.609565342462,"song","oakalee","RWBL",0.585840666083084
"12",15.8730551371199,15.4831435195829,15.9596763600749,15.7959552818357,15.6402460861486,21.5,344.091588483172,4565841.48579452,278969.614580463,15.6854419053977,1083.30898878524,73.5906442653821,213.869349697809,"song","song","DICK",0.447659199469698
"13",16.4693362453045,16.1539689673799,16.3608852005396,16.6854255325716,16.6937857844165,21.5,344.091588483172,4565805.39588266,278973.61033805,16.479411855787,1981.35588146181,109.194748847703,317.342104551454,"call","check","RWBL",0.87395879790708
"14",17.1556679691919,17.2162796775579,17.2201114522247,17.1952629740823,17.1754074144452,21.5,344.091588483172,4565845.04601007,279016.447044706,17.12191888123,106.068918369334,4.85594618925115,14.1123652881408,"","","",0.330690700908431
"15",17.7336987749803,17.2901396252908,17.2836371874943,17.7500709844322,17.7666754238054,21.5,344.091588483172,4565842.29017483,278953.30759618,17.5643969242566,373.431016104102,119.378870290978,346.939228643236,"song","oakalee","RWBL",0.410282012416658
"16",18.1851655545039,18.5894780114609,18.6291893441086,17.8848921444835,18.1466153719336,21.5,344.091588483172,4565978.4022208,278980.102614017,18.2651541361809,2419.118793479,167.703021618065,487.379021258077,"song","song","DICK",0.35886821303582
"17",19.4896825897326,19.3105179700398,19.3554542680444,19.81793818265,19.4956044274541,21.5,344.091588483172,4565842.53772254,278958.882235804,19.6088071826131,1297.45167569202,133.081643398727,386.762268689506,"call","check","RWBL",0.881954398574777
"18",21.7970991622069,21.3812898655373,22.1226867823861,21.8555052153275,21.8084784727552,21.5,344.091588483172,4565871.67526249,278826.607167148,21.7169774004531,1817.84539232008,195.67143526392,568.660908354315,"","","",0.11981692042479
"19",22.7384625273291,22.8568974386867,22.4940453818312,22.6929463653171,22.7714385222561,21.5,344.091588483172,4565818.8480553,278979.72898425,22.651058268641,318.181249432929,57.1045340719561,165.957367117531,"song","song","DICK",0.492381927012683
"20",22.7351494233432,23.1130962173882,22.4892227536696,22.6895171376105,22.766615961342,21.5,344.091588483172,4565878.45353321,278896.960512747,22.8433229232156,1375.56771133451,181.171776191357,526.521955942023,"","","",0.576929616139797
"21",23.1067472815154,22.710685733392,22.9330421874103,23.4696005028246,23.1139462894262,21.5,344.091588483172,4565907.36046661,279080.380600817,23.0662783611203,3825.84005940285,110.806849707276,322.027196874342,"call","check","RWBL",0.86558483804359
"22",24.9416834641797,24.9744318928493,24.9939415950355,24.9830254521456,24.9578254201551,21.5,344.091588483172,4565848.01851552,279021.462604166,24.9021332175775,90.8729499965996,4.93432954689512,14.340163235744,"song","song","YEWA",0.702037714952232
"23",28.3489374008304,28.6076408652769,28.5451711777221,28.331520201698,28.3554398218399,21.5,344.091588483172,4565846.23983581,279070.577497358,28.5186687160708,425.181266712002,90.6851538707519,263.549464462386,"song","oakalee","RWBL",0.651682712853929
"24",30.355497855899,30.4850786224678,30.6112921468947,30.6932670762832,30.3638579053551,21.5,344.091588483172,4565862.39315647,279063.163301772,30.5083075829811,278.045764849171,62.8813619674621,182.746001565038,"call","chit","RWBL",0.646317188872809
"25",30.3745807714422,30.8245143232857,30.630375252658,30.358789555171,30.3834052746525,21.5,344.091588483172,4565823.05920699,279093.64635284,30.6155035118428,818.832614815884,129.323707525161,375.84094425338,"song","oakalee","RWBL",0.621444103239992
"26",31.477996794744,31.7613161455709,31.3968327676014,31.1469543893311,31.0587073784178,21.5,344.091588483172,4565779.1269309,278975.357498235,31.3898439866721,3079.9471857398,118.981772081478,345.785180643255,"","","",0.852532559590649
"27",32.3176870950236,32.5751119376812,32.3418388168426,32.2686869671023,32.2891230394107,21.5,344.091588483172,4565882.31123731,279073.773727701,32.5086347329506,613.737007546624,125.154611748532,363.724705681531,"call","rattle?","COYE",0.86601692411576
"28",33.3765709445537,33.2798487261038,33.3250167248757,33.7719360751922,33.3892272732584,21.5,344.091588483172,4565805.96078205,278958.905676738,33.5886164064834,634.017524617369,155.041793050386,450.582921058437,"song","song","DICK",0.512390039767158
"29",34.191859807839,33.8304041540834,34.3392055272788,34.1414673395673,34.2054448741703,21.5,344.091588483172,4565886.41914227,278946.855194956,33.9952345778739,1337.12508025679,71.8608562197325,208.842234523983,"","","",0.617650827989537
"30",35.2302762673018,35.3530094032748,35.2401460086052,35.1809275607847,35.2630205855084,21.5,344.091588483172,4565854.14218823,279040.09726969,35.3089890400803,104.408334110618,54.390277210676,158.069185737552,"song","song","",0.610128127691062
"31",37.7802019465137,37.3419838329023,37.4052665228648,37.6076550157171,37.84650362719,21.5,344.091588483172,4565779.38484363,279009.212542712,37.546895069132,1542.75511546179,87.8523655779551,255.316806682857,"song","song","DICK",0.430800688519884
"32",39.1674152979671,39.2995552311816,38.9771012816767,39.1491850962847,39.1799558188697,21.5,344.091588483172,4565825.53688796,278987.717713894,39.1152821439502,357.447733319929,51.3449148949715,149.21874469908,"","","",0.534697822113875
"33",40.0555379416255,39.852225390042,39.8922841166533,39.758522803447,40.1082529036009,21.5,344.091588483172,4565872.47984102,279056.355176999,39.9717813013105,598.253993497793,76.7068463621827,222.925665519237,"","","",0.363741433676343
"34",43.0562202434909,43.0235919336023,43.4478760771359,42.9361573522994,43.0172056096028,21.5,344.091588483172,4565909.70946332,279022.059437056,43.1927596620179,236.232611877978,116.753709111902,339.309977400426,"","","",0.627621285750907
"35",45.3453102115456,45.0572336320549,45.3424073842634,45.3340472416905,45.3631916276043,21.5,344.091588483172,4565817.14473822,279004.310745532,45.2485889821834,458.338430713902,55.9904642951439,162.719654211722,"call","check","RWBL",0.877290219282643
"36",46.0860150365695,46.1915618798323,46.4850958949791,46.0813705110133,46.1054059307663,21.5,344.091588483172,4565849.17263893,279098.49534292,46.3425885342104,532.480000845583,141.078024700199,410.001375860713,"call","check","RWBL",0.86620382822054
"37",46.7323451121356,46.8227981294676,46.7641604224681,46.7299067124386,46.7578902518186,21.5,344.091588483172,4565845.87533127,279036.53033397,46.8244599813181,125.896159766224,48.112698745832,139.82526849297,"","","",0.56393197972382
"38",47.9119157196197,47.4631419139248,48.3618506477098,47.8640774769428,47.9455882690768,21.5,344.091588483172,4565775.65588629,278720.021551417,47.9427298178116,3207.46054836638,341.763254142536,993.233387799742,"","","",0.609287067215642
"39",47.740212796545,47.8827996710649,48.1374356774348,47.3053692744952,47.4572451962151,21.5,344.091588483172,4566078.73171326,278948.012923303,47.6808527817217,1277.15036547031,261.676469354588,760.484935153784,"call","check","RWBL",0.890110742553903
"40",48.4082995015943,48.841866148194,48.4945716007972,48.3598803019071,48.4287354228053,21.5,344.091588483172,4565864.51341336,279099.738204467,48.6538746505644,426.642926641463,146.165015041209,424.785202351312,"song","oakalee","RWBL",0.588812575103524
"41",49.1599655481812,49.4113509778428,49.5149240971307,49.3251948629195,49.1578755076575,21.5,344.091588483172,4565848.60392593,278985.411996222,49.2945490233297,592.330741570683,55.0813047997672,160.077452176547,"song","song","DICK",0.659363037619729
"42",49.8758053056117,50.238546139337,49.9700900549667,49.8633810837139,49.913426313975,21.5,344.091588483172,4565854.82954768,279089.642989102,50.1083088785508,245.174981342328,126.66427695221,368.112099195952,"song","song","YEWA?",0.564967351715007
"43",49.6563569012099,49.2072340616256,49.7516851978228,49.6508996174817,49.677953811283,21.5,344.091588483172,4565833.23892341,278955.526620436,49.4792656097193,332.510198615997,81.9705383982704,238.223023002723,"call","check","RWBL",0.878747933424056
"44",51.0661666528648,51.4885920391739,50.836143373514,51.0180951548076,50.9892987018652,21.5,344.091588483172,4565889.95850711,278894.277095299,51.210982932626,702.601458302409,203.606940281973,591.723096689214,"song","oakalee","RWBL",0.608349955079248
"45",51.6146955608265,51.7267433059518,51.4082490418288,51.6102833180133,51.63431843018,21.5,344.091588483172,4565807.70598138,279000.644478484,51.5026308934175,671.177473014244,39.6179679650584,115.137856579705,"call","check","RWBL",0.876792402670679
"46",51.8312160812042,51.4596467745125,52.1874581539948,52.2507410515407,51.6242984235403,21.5,344.091588483172,4565918.82888956,278956.851203975,51.8652531582616,3064.03639350155,143.624666957087,417.40243517784,"call","check","RWBL",0.306270610222324
"47",52.1119555785852,52.468238078089,52.0306655689201,52.3050774158325,52.097555634016,21.5,344.091588483172,4565844.99134514,278962.458636975,52.3245319058676,1374.85699660897,124.163248125746,360.843601766272,"","","",0.440606934477626
"48",52.875316468737,52.811802398474,52.9325604114055,52.824226540189,52.5453219757068,21.5,344.091588483172,4565848.77048767,279004.827577718,52.7926332181237,1409.45080510856,52.7509171263554,153.304872574458,"call","check","RWBL",0.353028793217186
"49",53.2522341676488,53.2173995783512,53.4303550342576,53.0277832972742,52.8561648873343,21.5,344.091588483172,4565902.34698906,278997.440312925,53.2098676984284,2568.65203154529,109.886520062542,319.352532117814,"call","check","RWBL",0.888009196181368
"50",53.4180539662894,53.5749220602905,53.0617044618561,53.8217774028859,53.7768418348782,21.5,344.091588483172,4566061.01081925,279029.620776576,53.4243299718089,1285.55018662913,205.873937320272,598.311450238606,"call","check","RWBL",0.451611830067881
"51",54.4363208072886,54.5434945620567,54.296751085478,54.4313278804684,54.455595827106,21.5,344.091588483172,4565807.2932748,279008.404319248,54.333251354311,680.668386453955,28.6019651898745,83.1231164817424,"call","check","RWBL",0.857014857661451
"52",55.215972712189,55.2351314195521,55.210283156669,55.1835770797386,54.7740451956793,21.5,344.091588483172,4565831.71246006,279000.978308356,55.1285976840459,2907.51600835528,69.9830557839867,203.384965300915,"call","check","RWBL",0.270860497077859
"53",55.9794558560919,55.5343978553348,56.1033475562766,55.5571558433725,56.1222738422467,21.5,344.091588483172,4565877.57729263,278940.064581656,55.7523777707622,1997.37187573688,106.18312050145,308.589701275545,"song","oakalee","RWBL",0.5997697146529
"54",56.783340194737,57.1539744036576,56.9461312852466,56.8204965064082,56.4834190914657,21.5,344.091588483172,4565787.25335163,278976.428596966,56.9129579998153,4016.20938365657,126.008217396656,366.205456960244,"call","check","RWBL",0.309154069145708
"55",57.3301528876488,56.9069126276821,57.4667044776957,57.3249276992542,57.3500086035485,21.5,344.091588483172,4565893.74018565,278957.38062914,57.1136814910019,1046.99430054021,72.8978628522459,211.855986290147,"call","check","RWBL",0.862816376712867
"56",58.6890059401757,59.0204020071429,59.0598815666274,58.5256302337206,58.6805294465217,21.5,344.091588483172,4565910.80918031,279017.621370005,58.8032583318197,943.15710810099,103.50279603061,300.800134309797,"call","check","RWBL",0.293980504213769
"57",59.1347712430247,58.7074201120732,58.8014838120924,59.129777737962,59.153816239078,21.5,344.091588483172,4565804.31316094,278980.38707698,58.9805781464792,735.692364623504,99.2622166302553,288.476149817623,"call","check","RWBL",0.866735435259852
"58",59.4094108687326,59.2411610087618,59.560127444469,59.4621268359008,59.04481144823,21.5,344.091588483172,4565880.66900342,278983.139673801,59.3300013769356,1539.7478383897,82.5908620752764,240.025809521686,"call","check","RWBL",0.875601702107217
"59",59.7306725272042,60.1806197345261,59.5486035669253,59.5612601464345,59.3786106091138,21.5,344.091588483172,4565869.40080208,278924.004479149,59.842753619363,3625.99234420003,189.870545440853,551.802345061215,"call","check","RWBL",0.885479961166726
"60",60.3062972768343,59.9421648117979,60.3456598105229,60.64999373618,60.538176273224,21.5,344.091588483172,4565908.6344345,279085.130631674,60.2605178241107,3145.84059430096,89.7124413728149,260.722564501754,"call","chit","RWBL",0.762862774382154
"61",60.0495003842565,60.1833804178272,60.4764534488179,59.6075685475091,60.4264080936844,21.5,344.091588483172,4566112.60445492,278944.500678844,60.0084588220051,1783.02021781782,257.424155831904,748.126848920324,"call","check","RWBL",0.875911877107942
"62",60.789207778297,60.8127794468837,60.8283390704828,60.8327515010556,60.7946652582161,21.5,344.091588483172,4565848.37949594,279024.695641724,60.7449954360873,99.0516829446736,5.43984015603899,15.8092796746905,"song","song","YEWA",0.472343320743524
"63",61.4500326676964,61.0555886780671,61.2052614194955,61.4445752442309,61.4697722844868,21.5,344.091588483172,4565798.40744522,279000.79986677,61.3082136294881,835.114682875839,83.2071997875305,241.817012018007,"call","check","RWBL",0.863188472418796
"64",63.7610903180322,63.8733745523332,63.4579112738132,64.1374224828403,63.7818750935647,21.5,344.091588483172,4566019.25366376,279001.09159546,63.8280175682159,1478.83133396619,203.044394258561,590.088223759328,"call","check","RWBL",0.881852530093654
"65",64.1908392036672,64.6342798470313,64.1237251183401,64.1853818299469,64.2124364698798,21.5,344.091588483172,4565816.77160234,278967.904203714,64.3515983167681,844.691078053789,112.345923902961,326.500058888989,"song","oakalee","RWBL",0.523674541886176
"66",65.0740205733089,64.8518952224566,65.4934229608042,65.3861339779565,65.095501592602,21.5,344.091588483172,4565857.34205115,278914.641480436,65.1758083988686,1634.71825161105,138.649978822929,402.944981695505,"call","check","RWBL",0.879745536156342
"67",66.108294750353,66.4618609852773,65.8295057421254,66.390102714938,65.6945816156945,21.5,344.091588483172,4565861.71508935,278928.702653914,66.0976946021386,2983.21073450632,150.041815444198,436.051971237117,"call","check","RWBL",0.622797949914779
"68",67.2924296738405,66.8660565649755,67.3605889916248,67.2873206278737,67.3121691696213,21.5,344.091588483172,4565818.95083212,278967.354249671,67.1345474553093,499.006340531171,79.2336210956704,230.268985780643,"call","check","RWBL",0.839665796401721
"69",69.9471323566028,69.6007606981593,70.3500521201962,69.9716326649942,70.3533033459543,21.5,344.091588483172,4565786.77556172,278792.770652719,70.0023452959911,1406.23270641273,248.001005216362,720.741260516138,"","","",0.406948124054405
"70",70.6111917565695,70.7167385998323,70.385467814542,70.6050377602076,70.6305826507662,21.5,344.091588483172,4565816.4419417,278996.875693049,70.5077380270112,495.882224920044,43.8697831665504,127.494494590634,"call","check","RWBL",0.865536269595192
"71",71.630126254093,71.9293576652842,71.6521883294233,71.8837240042061,71.9668631933458,21.5,344.091588483172,4565825.40434542,279019.675237427,71.8119189929892,509.984466536741,61.1681836116023,177.767157521183,"","","",0.851877902076609
"72",72.1533989667686,71.7919344122439,72.2641722353252,72.5866223053269,72.4766618385312,21.5,344.091588483172,4565921.94707993,279087.834040145,72.1549398731289,3984.12589448147,105.676950493869,307.118668490896,"","","",0.849757645723439
"73",72.7921881878133,73.2322626223262,72.353158784939,72.7638562189422,72.3658152792297,21.5,344.091588483172,4565795.20676692,278698.947339959,72.7817949826906,1670.34276035971,378.259990646361,1099.30031220412,"","","",0.620457115080604
"74",72.5853591216837,72.9263870188575,72.4414934204245,72.5210317621215,72.4844557363776,21.5,344.091588483172,4565860.5229124,278964.335948157,72.6961838400747,249.630803160522,120.858795834483,351.240192668627,"","","",0.850496486883879
"75",72.7239934860969,73.1634240967909,72.4809363327717,73.1649337685507,72.568729552033,21.5,344.091588483172,4565924.59154287,278972.986322908,72.7963415790579,2456.20451884057,138.98581798559,403.920998470985,"","","",0.885224229401905
"76",72.9457566995953,72.9692115640745,73.1725257606244,73.0860214337085,72.5413344571147,21.5,344.091588483172,4565889.90750699,278974.443655336,72.9487545894023,3597.96539568599,103.1440209691,299.757461156725,"","","",0.500098453419762
"77",73.1302745732806,73.2797140134709,73.3818948272762,73.2272302318345,73.4848884430096,21.5,344.091588483172,4565819.9916009,279056.200998264,73.3275114275889,585.376909650633,74.7673970010254,217.289232005396,"","","",0.887925041342654
"78",73.2823466233194,73.6940855868337,73.4433962404639,73.2954674645143,73.712199314501,21.5,344.091588483172,4565824.9895187,279086.436686925,73.5220073236102,296.295111091848,106.436623693224,309.326433007035,"","","",0.797093792506779
"79",75.5101091989279,75.6057878400847,75.5901123345554,75.5474981824867,75.5563229115255,21.5,344.091588483172,4565837.20383057,279040.617963601,75.6325502452972,171.204231406982,52.9938590934279,154.010911243242,"song","song","YEWA",0.617019747260356
"80",76.8132235843285,77.0367442991067,77.2492341214673,76.5865677738105,76.7001279083836,21.5,344.091588483172,4565996.09891577,279006.547463099,76.9035075579761,461.952405938816,183.44970974393,533.142093221792,"","","",0.855386686801283
"81",77.4971215083525,77.7110047951454,77.4723890761664,77.2120599073338,77.7040379128395,21.5,344.091588483172,4565886.69339171,279068.320945971,77.5008363042149,1653.76646595874,94.9811027315916,276.03436384565,"","","",0.872099619954003
"82",77.6772408869052,77.700115307563,77.5783119204058,77.6721318792456,77.6970963484914,21.5,344.091588483172,4565835.74594728,279024.801781899,77.6099502136882,243.109310265342,19.0990381861658,55.5056817004983,"call","check","RWBL",0.852524061019211
"83",79.0279379230583,79.0624244096896,79.0871571425262,79.0763583436821,79.0425685537504,21.5,344.091588483172,4565849.52200215,279021.492382772,78.9911978559568,78.1724461111453,4.18090470843715,12.150557724667,"song","song","YEWA",0.388298198702379
"84",80.255394700625,80.2695607611238,80.2495889381255,80.110482868637,80.2132448648785,21.5,344.091588483172,4565839.60113635,279025.360910071,80.1836438995085,91.3112477454456,21.3803510681667,62.1356399975244,"call","chit","RWBL",0.864716346558815
"85",81.0448875807788,81.4783320251311,81.3182141872629,81.0375725526528,81.1227984358981,21.5,344.091588483172,4565820.69982653,279083.569324201,81.2732254069334,571.083506045343,112.619585031314,327.295373675842,"song","oakalee","RWBL",0.55424463698516
"86",81.5742385958875,81.6811793825738,81.4618404617806,81.5694779311164,81.594094051396,21.5,344.091588483172,4565915.47856579,278999.571102075,81.8001995823177,1348.50832083408,160.353196471541,466.01893751141,"call","check","RWBL",0.870215632561223
"87",82.3786457113301,82.7143303028197,82.2557974588929,82.3308068833488,82.4659631837618,21.5,344.091588483172,4565848.4169551,278975.143170175,82.4861199583303,838.522851636884,92.9315482390891,270.07794247093,"call","check","RWBL",0.875238941641088
"88",83.0470943987443,82.6742050007738,83.3510033225963,83.1132877829994,83.0990039474496,21.5,344.091588483172,4565866.97745073,278859.330652019,82.982316802657,1331.5763843473,163.582800871839,475.404823445253,"","","",0.867398886779628
"89",83.7893454604481,83.8026984435114,83.8494919406811,84.0559406701295,83.8231343132431,21.5,344.091588483172,4565794.54346215,279011.748432921,83.9955454383044,261.189907366543,110.466941660913,321.039355096922,"","","",0.600831316642773
"90",87.0543015166591,87.4410783106287,87.4976259835988,86.7844518411306,87.099353872126,21.5,344.091588483172,4565971.15834126,278986.397397806,87.1438910032306,2267.86613425304,153.957972308445,447.433117987928,"","","",0.591023173793073
"91",87.679615714426,87.7482384100157,87.9191565283032,87.6321255579182,87.6769451188278,21.5,344.091588483172,4565869.42248965,279019.490300001,87.7542527432938,221.008787480557,50.7906317192252,147.607885281709,"song","oakalee","RWBL",0.569530044957778
"92",89.3433982013356,88.9493016131913,89.5037539433001,89.1096573551557,88.9158602998779,21.5,344.091588483172,4565769.2285259,278921.472180102,89.3764957067342,4831.42487901792,219.099786002986,636.748451099381,"song","song","DICK",0.492443905811869
"93",93.4598757630105,93.5633333557987,93.5604305052715,93.4425747738686,93.5041152050445,21.5,344.091588483172,4565845.80731709,279039.683499987,93.5434776643037,97.852552761688,44.74993955455,130.052407708706,"song","song","YEWA",0.509855153917741
"94",95.4751222126505,95.5173881821899,95.5399145505708,95.5201749494123,95.4861531662391,21.5,344.091588483172,4565848.70929247,279019.276693802,95.4388335002991,66.4946617817215,3.26383902911324,9.48537871414098,"song","song","YEWA",0.385092848372602
"95",95.3320419255023,95.3755850522393,95.3862676326655,95.3796490774014,95.3470207610998,21.5,344.091588483172,4565847.51274153,279021.314217557,95.2969130352419,104.687383230194,5.29054754153223,15.3754050334507,"song","song","DICK",0.53612956057743
"96",97.1907817863173,96.7407330909773,96.7690643297964,97.6070419960163,96.7526925893313,21.5,344.091588483172,4565996.51781326,278954.185151711,97.1535847637572,3072.55649036472,250.177130340674,727.065521838261,"song","oakalee","RWBL",0.611072116135591
"97",98.5029520986849,98.4369985686109,98.4296833003105,98.5982828173306,98.4798451400851,21.5,344.091588483172,4565845.3511792,279015.702774274,98.5290530686955,95.6341004625059,46.4635930077032,135.032632481731,"song","song","OROR",0.838274603020816
"98",99.9003690147317,99.7918029265409,99.8659994295932,99.5557442556407,99.8392933330329,21.5,344.091588483172,4565863.6045859,279061.520189572,99.7427365592554,98.3221263430671,57.9801217536762,168.502002647797,"song","song","OROR",0.852635170119276
"99",101.362533839053,100.938837116408,100.989926882909,101.347671361525,101.387033704352,21.5,344.091588483172,4565814.20897089,278971.03337554,101.203462896391,459.87371942488,103.700572735537,301.374913559123,"call","chit","RWBL",0.864182548623384
"100",101.99567560736,102.440511103299,102.42471950125,101.979187316986,102.018666322107,21.5,344.091588483172,4565853.47746881,279103.949580088,102.263690555933,442.611677485719,140.461131861381,408.208560053917,"song","oakalee","RWBL",0.577524670056543
"101",103.089954231608,103.010066962504,103.006467390786,103.20037980271,102.690401770872,21.5,344.091588483172,4565878.49809113,279069.494457418,102.976249824639,1799.4120436346,71.6937848423995,208.356691189229,"","","",0.86097158247635
"102",104.867808657122,104.928071950182,104.914254355049,104.912280412887,104.858287289048,21.5,344.091588483172,4565843.87751005,279020.136602377,104.831399723209,154.076332387059,6.45222937887229,18.7514882514713,"song","oakalee","RWBL",0.724654549139458
"103",104.771329019354,104.85911173802,104.84819695554,104.992063077798,104.761807613361,21.5,344.091588483172,4565849.48646525,279045.269520983,104.867139661488,283.005928004856,42.06496757342,122.249334134703,"","","",0.8517869449595
"104",106.25139610526,106.259291688632,106.312238541832,105.811449555316,106.279495093142,21.5,344.091588483172,4565906.20543983,279053.510816443,106.091821935965,355.070915257295,84.89351607809,246.717789447625,"song","oakalee","RWBL",0.505981283059881
"105",106.255310819999,106.42762547634,106.480457800218,106.705256435444,106.283062304409,21.5,344.091588483172,4565814.12673891,279095.517941527,106.517755998743,970.999277963278,121.232308437507,352.325696108774,"song","song","DICK",0.58731427078503
"106",106.940251623408,107.377764717675,106.994824647375,107.273843746505,106.968699263561,21.5,344.091588483172,4565794.95987935,279008.035846872,107.103853839853,1060.22920909443,83.5012329680546,242.6715321236,"song","song","DICK",0.491439162263858
"107",107.430359256763,107.460664887298,107.482378116837,107.477501348705,107.445221788213,21.5,344.091588483172,4565849.11927314,279022.74536076,107.39169932131,91.7814175568036,5.02236505368178,14.5960122879534,"song","song","YEWA",0.29092207182491
"108",108.642277892374,109.020569969353,108.233332313762,108.205581605843,108.666313024337,21.5,344.091588483172,4565881.24916137,278918.826200565,108.57261587536,4010.12451548414,163.710579573936,475.776174290126,"song","song","YEWA",0.76727171068038
"109",108.959839756832,109.07421171522,109.344988778125,108.91455542813,108.985268649103,21.5,344.091588483172,4565885.53131208,279068.511861503,109.153846299962,235.307249158766,111.478933676399,323.980409308526,"song","oakalee","RWBL",0.49330676680932
"110",110.190774927737,110.297960829277,110.292967336572,110.212955325564,110.230606741636,21.5,344.091588483172,4565839.38706441,279047.076555527,110.321159677857,189.750278458421,59.4782548318673,172.855881464757,"song","song","YEWA",0.573099969228993
"111",111.545531521842,111.108475852378,111.8294319235,111.90966716994,111.393421286189,21.5,344.091588483172,4565928.20860982,278976.666634383,111.511975749801,3663.92541637037,125.680957984611,365.254374681574,"song","song","DICK",0.556106248695813
"112",112.679014275508,112.228952472825,112.259606837095,112.256820076707,112.251827131011,21.5,344.091588483172,4565791.95203197,279058.490811487,112.406126657023,531.006484491855,99.114265651241,288.04617424145,"song","oakalee","RWBL",0.583013856283535
"113",117.305573987618,116.944810162145,116.86771097318,117.514577813126,116.934940537051,21.5,344.091588483172,4565951.97871049,278996.861812176,117.189293877657,605.875075002289,166.63188998244,484.266095306159,"","","",0.595145888876867
"114",118.382994073251,117.992623838191,118.812029771808,118.451732675023,118.666889143068,21.5,344.091588483172,4565817.07250829,278755.143640667,118.402029249511,883.627646210139,271.815182008725,789.950092087235,"song","song","DICK",0.563063440752854
"115",118.977376880793,119.229225081882,119.046579982614,118.991542616401,118.999322159726,21.5,344.091588483172,4565821.11274281,279019.802542605,119.072113671886,369.053117372329,47.6869811356603,138.588046705456,"","","",0.535313076839846
"116",120.069286156263,119.62933579454,120.163337302475,120.108532190114,120.103655464014,21.5,344.091588483172,4565825.55457953,278959.743395459,119.922848777054,836.702684460553,85.1899591276124,247.579313121682,"song","oakalee","RWBL",0.520799707799019
"117",120.564445906956,120.659081189623,120.656874968309,120.594520186969,120.598003694306,21.5,344.091588483172,4565841.99547269,279001.612367894,120.520002814645,147.737604173542,5.19173327796106,15.0882307261485,"song","song","YEWA",0.503912780367893
"118",122.190403217781,121.751718626172,122.513785056751,122.000670390177,121.767278111422,21.5,344.091588483172,4565766.27717676,278813.067540095,122.216148502047,3734.61082330848,304.482551463531,884.888098560484,"song","song","COYE",0.651935657833578
"119",124.888623958007,125.267042787971,124.463178547456,124.479666879415,124.466429767842,21.5,344.091588483172,4565885.55559397,278876.172686363,124.828018787135,2631.80212400687,228.298003459416,663.480338086151,"song","song","DICK",0.555692962660602
"120",126.668093283799,126.739968839146,126.741362226325,126.694799871408,126.690155247476,21.5,344.091588483172,4565842.91770045,279010.489357021,126.628216790018,102.604484773421,4.19000103505719,12.1769934962014,"song","song","YEWA",0.683185763664319
"121",129.673650778754,130.032912162921,129.291050177323,130.025596885868,129.385219854944,21.5,344.091588483172,4565930.69621444,278966.691897826,129.61928691788,3339.54601214229,142.888920349928,415.264206195254,"song","song","DICK",0.809400702257176
"122",131.402895534871,131.651381080925,131.6084186267,131.35424345833,131.399179863154,21.5,344.091588483172,4565856.22444368,279068.933978527,131.554920797037,417.039369760171,89.7448249112056,260.816677637543,"","","",0.826200216639138
"123",133.219494605052,132.873590687826,133.306231841094,133.450561672954,133.250613185051,21.5,344.091588483172,4565905.6822024,279058.583718528,133.126603533912,1771.27242305282,64.6162486057174,187.78793428389,"song","song","DICK",0.605243168711436
"124",134.474268157084,134.545446142157,134.558102586485,134.48831797143,134.506664009997,21.5,344.091588483172,4565843.37822184,279004.627868303,134.425075496985,59.4009593658972,2.26307326510392,6.5769502680377,"","","",0.542181191221152
"125",136.026697817945,136.068034718471,136.057236033783,136.062228974015,136.005564908125,21.5,344.091588483172,4565844.11063253,279022.887760426,135.980012806573,130.717142973332,5.31176015769459,15.4370532017651,"song","song","COYE",0.881827098967057
"126",136.129691777594,136.176253165815,136.15872007449,136.177762637254,136.107514158765,21.5,344.091588483172,4565845.04444901,279024.665817672,136.088341435646,162.50638749862,6.7755117031466,19.6910123058063,"","","",0.861671027833091
"127",137.149294455227,137.533513874435,137.237424566795,137.49717036334,137.238469587881,21.5,344.091588483172,4565804.59153418,279041.770533529,137.390358714019,600.134861015841,85.8202392932121,249.411035217471,"","","",0.842615298954132
"128",139.65270690352,139.219133347916,139.293446972872,139.577232128173,139.701707449975,21.5,344.091588483172,4565795.01845778,278986.643473788,139.466020511099,630.000265192067,95.5369182530563,277.649676570715,"song","song","DICK",0.618629882233222
"129",140.861755173141,141.05519990123,140.735540035426,140.857807321547,140.857110641854,21.5,344.091588483172,4565867.99177539,278990.959790564,140.956615302359,468.933554970326,87.1093983868731,253.157593217752,"","","",0.830334851522796
"130",141.487082995688,141.569070908211,141.561057925259,141.516580063366,141.510657423793,21.5,344.091588483172,4565841.44303189,279009.314986565,141.448610250405,139.956064230331,5.5675180038338,16.1803374164901,"song","song","YEWA",0.642390455301962
"131",142.318033076958,141.94228521091,142.554210814764,142.058051781506,142.617725673456,21.5,344.091588483172,4565818.33657191,278941.945165127,142.341853888626,2821.89014247727,138.923476951832,403.739822772873,"song","song","DICK",0.559240130172892
"132",144.271949998569,144.326290478991,144.336856683517,144.267537737338,144.306783639865,21.5,344.091588483172,4565841.37265051,279008.475970734,144.218752164173,104.438420282922,3.87561429415481,11.2633218127747,"song","song","YEWA",0.780675164235789
"133",146.36050782562,145.93343964842,146.336472177801,146.130485514844,145.959449238331,21.5,344.091588483172,4565795.03473101,278996.41206396,146.13125802529,587.285920505522,85.8295487479996,249.438090382721,"song","song","DICK",0.5257218039198
"134",147.938380729462,147.975305593197,147.959746059422,147.980530809764,147.907145545987,21.5,344.091588483172,4565845.00327126,279025.730267455,147.890767024425,148.902198010491,6.12486638062951,17.8001049302867,"song","song","COYE",0.888283000566306
"135",148.466510338107,148.504014906049,148.488455735447,148.48044392372,148.891949152159,21.5,344.091588483172,4565839.48519796,279009.791047998,148.535982674681,3049.18238902848,62.0083191025267,180.208761788896,"","","",0.862968787810937
"136",148.973530581848,149.008364990421,149.040180416918,149.015447986831,148.943805219865,21.5,344.091588483172,4565850.19533649,279019.066080316,148.930300664935,57.4265064535135,4.52451325501304,13.1491539068364,"song","song","YEWA",0.709243129519753
"137",151.417107142063,150.994451722099,151.436614315292,151.63818843866,151.066326366318,21.5,344.091588483172,4565903.96731431,279081.962492889,151.276943949644,2091.56171124059,100.09351049062,290.892058512249,"song","song","DICK",0.513698554749692
"138",152.553380807075,152.810573648416,152.574397468151,152.564063308837,152.525977867772,21.5,344.091588483172,4565819.82797335,279010.13137618,152.638755397512,433.141443809126,54.8836417439466,159.503003214595,"song","oakalee","RWBL",0.624045193594188
"139",154.095509502572,153.986943712382,154.420858533711,154.045232510965,154.055334354544,21.5,344.091588483172,4565855.20279371,278975.634966883,154.191828803056,295.416504332547,92.9336338220804,270.084003598435,"","","",0.838180697804812
"140",154.626905719191,154.654657295667,154.717824063879,154.571634797006,154.658489103298,21.5,344.091588483172,4565853.8730201,279061.419058046,154.757814511753,323.068333658584,82.991652832722,241.190588815514,"","","",0.582627690709199
"141",155.759448250277,155.817746151292,155.825875340677,155.802881347846,155.782093849277,21.5,344.091588483172,4565846.06704918,279017.140003841,155.727575613603,101.035587936256,4.85389820845604,14.1064134402501,"","","",0.546617715518605
"142",156.379538190964,155.943185811276,156.752841251287,156.302090868651,156.295472431811,21.5,344.091588483172,4565800.85054274,278774.465364042,156.363887368706,2359.39574881614,282.132569006674,819.934512931205,"song","song","DICK",0.585243619337373
"143",157.145951735145,157.595894605669,156.777172752748,157.135617563409,156.827450239958,21.5,344.091588483172,4565832.79857425,278746.335474146,157.201126655077,969.685187095244,334.714195863041,972.747393618458,"song","oakalee","RWBL",0.620556241453703
"144",159.042182073974,159.085957409113,159.091182581742,159.098846168265,159.046942786814,21.5,344.091588483172,4565848.34002145,279023.780292073,159.007994640729,124.226517290531,5.90220638329599,17.1530097824075,"","","",0.609376696950175
"145",159.281155049371,159.32980754543,159.347457138272,159.263969919498,159.286148026294,21.5,344.091588483172,4565841.20992759,279005.540469482,159.213687791703,13.6476686759633,0.504634892668211,1.46657142911498,"song","oakalee","RWBL",0.54635854720184
"146",160.517525670725,160.071653864743,160.578368594249,160.557003903546,160.539238698776,21.5,344.091588483172,4565810.44780705,278969.168456738,160.374102996345,1113.22691359415,86.6678964592581,251.87449899984,"song","song","DICK",0.702404394543542
"147",160.868411442588,160.904406217397,160.929602559763,160.904754553927,160.887569951761,21.5,344.091588483172,4565847.98834671,279018.831834259,160.828899578727,72.4592517453952,3.8693302478523,11.245059098681,"song","oakalee","RWBL",0.633649509186737
"148",161.177575397686,161.212181894975,161.240285157874,161.220310937962,161.197201230041,21.5,344.091588483172,4565849.12111287,279019.84059105,161.14007614847,72.3749457760672,3.94527601676666,11.465772918653,"song","song","YEWA",0.605108254584775
"149",161.311585178754,161.364533850758,161.37393920697,161.356405765144,161.335969435598,21.5,344.091588483172,4565846.53277475,279018.620301682,161.279476869547,105.650922897283,5.30040131662603,15.4040421039971,"","","",0.538318385514895
"150",164.570205358091,164.961735636449,164.999472095662,164.403816601007,164.402655479185,21.5,344.091588483172,4565912.71908474,278973.716065786,164.693404127333,815.794456200053,130.372962117213,378.890291076059,"song","song","DICK",0.577468597107439
"151",165.172571179012,165.490723604637,165.241891251311,165.218203990425,165.200786886832,21.5,344.091588483172,4565809.81370504,279017.219370128,165.306191888866,364.945813642836,64.6747077343888,187.95782837787,"song","song","YEWA",0.460184445516786
"152",166.563268779866,166.518449265269,166.635723124706,166.602050432393,166.578363435041,21.5,344.091588483172,4565858.47452866,279021.261041165,166.507521637414,129.740159753813,8.36860906086518,24.3208765949664,"","","",0.61963292865011
"153",167.34725020736,166.908104332748,166.912516692144,167.767933841342,166.939571422124,21.5,344.091588483172,4566010.96286148,278950.2429665,167.313885162882,2747.30221216931,261.917507396049,761.185440628281,"song","song","DICK",0.774995639052644
"154",170.398572369169,170.004135362088,169.976964841141,170.747609061334,170.598519536137,21.5,344.091588483172,4565987.83227052,278969.997785876,170.348427267472,2046.74066758559,191.57844452995,556.765846484269,"","","",0.69112030781187
"155",173.061411396802,172.611815651281,173.00451524099,173.302000855665,172.624820486895,21.5,344.091588483172,4565896.49012349,279099.219566255,172.917493039765,2770.04633931286,119.029581908564,345.924125705226,"song","song","YEWA",0.73418745125372
"156",173.274456707002,172.82532774309,172.864574276131,173.288158159365,172.82985618921,21.5,344.091588483172,4565845.50621883,279098.938206447,173.014372333174,233.33904921244,93.6549933499183,272.180420808219,"song","oakalee","RWBL",0.575269279226994
"157",174.004100111636,174.411780830746,174.072027545609,174.042302036041,174.035799580823,21.5,344.091588483172,4565795.34264264,279011.54334092,174.172548300457,619.949261542727,87.4113694794726,254.035182507077,"song","song","DICK",0.679760623549847
"158",174.258432256717,174.195498775216,174.319391809832,174.296749690103,174.21570251282,21.5,344.091588483172,4565860.29248114,279025.38044585,174.188645285017,129.997764433987,8.09287470282743,23.5195365818226,"call","chit","RWBL",0.887388491394704
"159",176.461037250428,176.504464580887,176.492272415919,176.409946273418,176.439323585199,21.5,344.091588483172,4565831.89075419,279007.220345438,176.371811786832,61.6217053704506,2.96152263327328,8.60678590350986,"song","song","COYE",0.88868597218062
"160",176.220537523031,176.26408067126,176.251191899384,176.263732326075,176.199288466695,21.5,344.091588483172,4565844.91020493,279023.951708572,176.177064608463,145.67216476141,6.02563341598538,17.5117137926784,"","","",0.617375614601451
"161",176.381418946485,176.424962060336,176.412189413607,176.423917025604,176.359124872193,21.5,344.091588483172,4565844.82099244,279023.820088943,176.337652286052,144.631775829204,5.96607822921306,17.338634331379,"song","song","DICK",0.494355492121258
"162",179.961917356263,179.625074917794,180.023689220195,180.006736791371,179.985720424131,21.5,344.091588483172,4565819.31181417,278985.300728696,179.870541996246,825.432825685927,70.1663082859575,203.917534268319,"song","song","YEWA",0.439463289338344
"163",180.782502107219,181.231284410268,180.872839140019,180.826509479239,180.829180111314,21.5,344.091588483172,4565787.70279106,279017.806098562,180.976995114313,669.769144660599,97.5773537617737,283.57959632758,"song","song","DICK",0.439187845137231
"164",182.939309191779,182.997946538851,183.000384923581,182.957190679797,182.953939500158,21.5,344.091588483172,4565842.51810009,279012.876563082,182.893837531002,86.7414814452246,3.56269786694883,10.3539231593947,"","","",0.511774523998484
"165",185.166122009416,184.721750548665,185.554293891645,185.551042676358,185.19584740632,21.5,344.091588483172,4565894.315839,278890.547504658,185.181265061342,4265.9868205806,165.519707134098,481.033866197495,"song","song","DICK",0.720352315264581
"166",186.034984123572,185.925024975646,186.410726259462,186.047292116899,186.066218559467,21.5,344.091588483172,4565809.01395844,278975.214398285,186.201491886775,784.025542349174,116.114095357413,337.451130000789,"","","",0.83073165351269
"167",187.122152528141,186.875992369949,187.108799500692,187.225261122705,186.820606334355,21.5,344.091588483172,4565877.80788156,279064.209337791,186.993209275586,533.288620978238,57.7436086583966,167.814647585378,"","","",0.809504441036402
"168",187.673847866224,188.114850541953,187.496541103234,188.089421477713,187.71611352551,21.5,344.091588483172,4565891.71622775,278963.416574304,187.810694792483,1687.15018822845,118.974975152702,345.765427388586,"","","",0.656778152708408
"169",188.114254637612,188.477456804953,188.440184459775,187.987575109298,188.207377443945,21.5,344.091588483172,4565885.95380747,279072.341459756,188.275395315522,1133.21926770909,107.331624089185,311.927485825287,"","","",0.770211332038584
"170",188.974726492581,188.939078830912,189.202662518171,188.730766436664,188.808099800415,21.5,344.091588483172,4565930.14430323,279019.406194457,188.957153194034,182.321563411712,113.034324363224,328.500690358352,"","","",0.797314371463776
"171",191.150708756595,190.7006540322,191.212016520909,191.190187241191,191.188677769721,21.5,344.091588483172,4565810.0398253,278967.434681422,191.00545625173,1080.60242293709,87.6476955600744,254.721994066881,"song","song","DICK",0.680665715472325
"172",192.14920790623,192.577314543381,192.587067989955,192.100092335979,192.17904880825,21.5,344.091588483172,4565874.98742144,279097.265612018,192.398295007665,205.773129643102,137.144922884407,398.570983641217,"song","oakalee","RWBL",0.578145639328052
"173",193.03510865219,193.267598290219,192.693922560018,192.992373294151,192.605316369301,21.5,344.091588483172,4565797.78923326,278887.020519324,192.95089143119,1838.12534860115,181.410477055032,527.21566910347,"song","song","DICK",0.535114704822148
"174",194.214944055411,194.26765927667,194.25256460979,194.247687871259,194.195553214111,21.5,344.091588483172,4565842.63455907,279020.107120926,194.170335021896,142.753791807649,5.77683486008168,16.7886546879776,"song","song","COYE",0.472572388853576
"175",194.644301707501,194.697830723613,194.679252323227,194.595765636493,194.626303882127,21.5,344.091588483172,4565829.67165732,279003.375081325,194.549532018343,102.653760216532,4.34386852800238,12.6241636627941,"","","",0.861437028492836
"176",196.718672943313,196.289176041889,196.511065357548,196.518960948058,196.4540545496,21.5,344.091588483172,4565767.99595567,279033.979081305,196.494016119563,375.930894237908,90.0649100587133,261.74691004723,"","","",0.830973662104275
"177",197.055606861679,196.605547607787,196.963295946601,196.69994858132,196.790750009737,21.5,344.091588483172,4565790.10483372,279024.252277708,196.857069044663,858.817609283776,88.675736600129,257.70969000152,"song","song","DICK",0.696120142329374
"178",198.190569711233,198.157129033164,198.002814237493,197.780224724098,198.627504681971,21.5,344.091588483172,4565927.13107331,279073.610403682,198.093531887601,6341.81672789321,130.229170777901,378.472404257187,"","","",0.855875812648568
"179",198.963456757241,198.518734458015,198.538938552027,199.10883334174,198.534410048197,21.5,344.091588483172,4565909.81292026,279079.857207821,198.762043123599,1066.88169064292,122.678879535696,356.529725345773,"song","oakalee","RWBL",0.634749810306061
"180",199.87550281158,199.938785029076,199.945751878709,199.906505292445,199.891526565735,21.5,344.091588483172,4565844.48498476,279013.266835052,199.837100775572,87.074218886913,3.69249001304205,10.7311254812107,"","","",0.442739835146146
"181",200.087020427127,200.144265740084,200.153090575347,200.117210653027,200.114423862944,21.5,344.091588483172,4565844.67563703,279014.717144165,200.049797822351,94.6127762648418,4.40343941965898,12.797288765675,"","","",0.842744959675134
"182",201.633650506855,201.790636242855,201.461337761128,201.957259416789,201.266150614519,21.5,344.091588483172,4565928.21729761,278998.494173523,201.712514019659,4016.45122029158,149.48276238474,434.427249569485,"call","check","RWBL",0.885905335170431
"183",202.456365020824,202.229246723894,202.870077951276,202.482142250844,202.625426493386,21.5,344.091588483172,4565779.17135589,278893.616308313,202.595650019999,1853.91683317548,186.765448473732,542.778303000761,"","","",0.804668822380464
"184",203.012649407551,202.630166262065,202.574082667872,203.068849116845,202.936477900739,21.5,344.091588483172,4565887.54787073,279080.990608799,202.786670640256,442.40428843973,78.7715923877115,228.926236572516,"song","song","DICK",0.730613444533475
"185",203.764246956358,203.746365597996,203.332772101329,203.360639153322,203.719775785886,21.5,344.091588483172,4565774.32003007,279022.459052137,203.501005621015,229.607028141814,68.5727327611199,199.286280328452,"call","chit","RWBL",0.886521726846041
"186",204.486415148561,204.318399461364,204.694257636524,204.336977560847,204.7202669758,21.5,344.091588483172,4565869.06134137,278979.387755971,204.481986144711,853.836316609984,72.5744933173295,210.916208783984,"","","",0.882426206842269
"187",206.074527371282,206.126198351978,206.113774093698,206.111567916994,206.054555666383,21.5,344.091588483172,4565843.56642026,279020.792648184,206.031737912983,140.726945152664,5.79256929716348,16.8343821559206,"song","song","COYE",0.629491044896705
"188",205.488267646631,205.540750389204,205.136099154987,205.523914111166,205.468528562035,21.5,344.091588483172,4565869.02403937,278985.224038709,205.377195967001,498.877258924135,72.2258702412075,209.903039361102,"song","song","DICK",0.447865805389497
"189",206.126918146144,206.148167426816,206.301673159321,206.165933218853,206.108339540092,21.5,344.091588483172,4565843.99646528,279017.450434664,206.196322665125,215.980538754044,37.401650283057,108.696787526633,"","","",0.862390596560943
"190",208.151057814017,208.059559955978,208.591942797486,208.050154719301,208.106353911294,21.5,344.091588483172,4565897.14430398,278976.244815943,208.29220343346,472.452974702187,126.241288023793,366.882807511484,"song","oakalee","RWBL",0.611179403138785
"191",209.683372634997,209.244690190608,209.743868546465,209.521508334447,209.676521850397,21.5,344.091588483172,4565824.4806421,278958.940869077,209.450516310601,1067.21976824556,73.0990933139997,212.440802857855,"song","song","DICK",0.682757216477909
"192",211.271980088349,210.891707725802,211.186288178865,211.082250305021,211.000390147587,21.5,344.091588483172,4565799.30373639,279040.868920404,211.020604782003,994.590583985135,54.9797742754726,159.782383864235,"","","",0.687958916689709
"193",211.415856401562,211.144463951208,211.52989464985,211.694797208473,211.143883308396,21.5,344.091588483172,4565908.00364136,279057.231826367,211.378019837803,1692.8163938619,93.3473263723856,271.286278121125,"","","",0.750956392459617
"194",212.169642657144,211.738278074413,211.800515333186,212.471075350757,212.390724262937,21.5,344.091588483172,4565910.71588113,278953.659449441,212.115371837971,2347.08060658848,149.762898123914,435.241380889607,"song","song","DICK",0.679184894182929
"195",213.039238145302,213.07918156893,213.097759905501,213.08243277783,213.058164825684,21.5,344.091588483172,4565847.91007993,279020.160786696,213.002758023692,88.3529935428221,4.65279756853777,13.5219741611478,"song","oakalee","RWBL",0.569736357046886
"196",213.371157389501,213.819357436946,213.430491644487,213.427588794438,213.3951929879,21.5,344.091588483172,4565788.77983211,279006.503050285,213.564836100151,524.008898621288,101.509648749633,295.007643741333,"song","song","YEWA",0.601116230612068
"197",213.031925352624,213.478148563439,213.307345976109,212.867857333659,213.05607690814,21.5,344.091588483172,4565874.71066774,279094.737287848,213.205945573515,1955.86003310633,130.422197268393,379.033378419164,"","","",0.769287424620605
"198",214.594425234607,214.147389363351,214.922445062216,214.197782497929,214.164690232135,21.5,344.091588483172,4565898.86611683,278918.872539854,214.597481667447,3918.91049160443,215.120019245679,625.182441087773,"","","",0.828070456485171
"199",215.047818335946,215.490208456919,215.211769740359,215.174845840499,214.659420710053,21.5,344.091588483172,4565763.22807798,278966.43943671,215.250301724081,7724.85428571415,173.934459169973,505.488843643962,"song","song","DICK",0.517177390731913
"200",215.659655263216,216.083469286929,216.079056976545,215.873884543695,215.680323453961,21.5,344.091588483172,4565793.35552094,278996.630826137,215.884619361542,587.259625587756,90.428305975179,262.803012342748,"","","",0.828154045774013
"201",216.090879109486,216.51596870283,216.298140765897,215.708519090126,216.528857242808,21.5,344.091588483172,4565933.0992349,279084.640714125,216.151229608639,4150.26513144943,143.006044713404,415.60459336947,"","","",0.47413666786715
"202",217.226799461048,216.777898498725,217.050072284469,217.405500594265,217.098956740014,21.5,344.091588483172,4565863.22533387,279094.27137353,217.068930494077,2463.07414538569,80.4517443306573,233.809099156726,"song","song","DICK",0.672602378123509
"203",217.9507301442,218.333678734814,218.271440880184,217.80175408545,217.916940562675,21.5,344.091588483172,4565892.05050845,279080.147599314,218.115087759276,1148.17090338241,126.242506837425,366.886349631296,"song","song","DICK",0.678090451418101
"204",218.479724482544,218.318907856488,218.467184269104,218.467764834541,218.897499371027,21.5,344.091588483172,4565807.94761687,278975.889152436,218.529064421188,3033.72711086988,97.2970172388893,282.764881489242,"","","",0.701188014747998
"205",220.203105787584,219.753515602369,219.933026559585,220.004436157702,220.58685980673,21.5,344.091588483172,4565756.41031793,278971.307804595,219.975830663123,8310.27929076962,119.549032490594,347.433754534922,"","","",0.758694634827451
"206",220.636998111955,220.931119711587,220.940292868465,220.734651592133,220.570463695615,21.5,344.091588483172,4565827.010485,278984.531378419,220.761755830519,484.245962420239,66.5742316343742,193.478230397457,"song","song","DICK",0.3659581442652
"207",221.307339006402,221.381998896427,221.368065479937,221.343333665668,221.333812497733,21.5,344.091588483172,4565841.74018778,279014.537369981,221.274058274123,153.754451002314,6.62937351141949,19.2663050574504,"","","",0.440853721722686
"208",221.446338492608,221.520196287499,221.261229490948,221.481757718146,221.461783597515,21.5,344.091588483172,4565848.33031719,279005.160059993,221.403476788747,87.2378514983467,43.8662531728926,127.484235712545,"","","",0.706117716834278
"209",222.672393507216,222.347038065731,222.87246039718,222.716865717812,222.653118345444,21.5,344.091588483172,4565874.75864439,278939.469989818,222.568953402444,924.428908780775,88.757544982854,257.947441767222,"song","song","COYE",0.832623507391213
"210",222.089807748764,222.204530878911,222.276987592688,222.395078102161,221.887997222251,21.5,344.091588483172,4565890.54474175,279056.116768956,222.170726027777,1702.71571441594,78.3216058849854,227.618484457128,"","","",0.855028827241866
"211",222.811336553687,222.547991421815,222.384736018194,222.747590311448,222.793106753994,21.5,344.091588483172,4565867.72310308,278981.917713099,222.650839397951,950.351836757741,88.434596976373,257.008889308254,"","","",0.778567439963819
"212",223.018532325887,222.757740787454,223.442115376736,222.800238429068,222.999025211704,21.5,344.091588483172,4565891.94734059,278951.799575086,223.123946970078,2503.72029797728,153.35201394914,445.672079998084,"song","song","DICK",0.657777242553457
"213",223.548970839784,223.970241747669,223.585315325497,223.127932165034,223.529463256398,21.5,344.091588483172,4565897.31482909,279099.013937998,223.56728482046,4964.19180548545,143.376209495593,416.680367362728,"song","song","DICK",0.652548033763583
"214",224.636822737067,224.964842339938,224.21289368571,224.442333238019,224.831196122981,21.5,344.091588483172,4565864.97866848,278821.083700167,224.607263124035,948.82205657142,226.219147536623,657.438760807389,"song","oakalee","RWBL",0.817614760875057
"215",226.665177915624,226.897984977213,226.897404410974,226.615365332371,226.246125204764,21.5,344.091588483172,4565839.81982751,278947.528931658,226.710127592671,4641.93418487173,124.652326762536,362.26496355819,"","","",0.630914842103229
"216",227.303888877597,227.519888067603,227.636248921574,227.310043693226,227.69547450593,21.5,344.091588483172,4565856.24302821,279077.63568516,227.511000332943,533.651302519063,91.4051108041596,265.641805448057,"call","check","RWBL",0.554557096905111
"217",227.788912672279,227.933241823707,227.860438623429,227.692770647031,227.80307852624,21.5,344.091588483172,4565853.90536668,279041.7980674,227.840225858193,366.275096526304,51.9264417152873,150.908779677498,"call","check","RWBL",0.737030994648478
"218",227.991233249865,228.002496281578,227.830764076384,228.392290069836,228.0045863287,21.5,344.091588483172,4565916.92648079,278974.705969666,228.169078888262,1088.70428695387,150.917494590612,438.59687258235,"call","check","RWBL",0.571531624282258
"219",228.249618565916,228.258559330987,228.642780001365,228.423673200216,228.260881607629,21.5,344.091588483172,4565796.18226907,278996.344738357,228.459679001645,451.676650907924,109.085457888338,317.02448283961,"call","check","RWBL",0.71332836746608
"220",228.732230234368,228.307478873178,228.315026395999,229.129810513404,228.753247182529,21.5,344.091588483172,4565988.86592073,278960.873724795,228.703960385589,3787.76178943607,210.605942674957,612.063618303929,"song","song","DICK",0.65418995802096
"221",228.659134915353,228.224056858781,228.397182394503,229.081092123141,228.673765242315,21.5,344.091588483172,4565937.16580677,279055.92567357,228.632784335569,4677.6499657272,140.772774042541,409.114255489642,"call","check","RWBL",0.618037700073344
"222",228.917520231353,228.604942134665,229.364674113354,229.337503506138,228.915778525762,21.5,344.091588483172,4565874.03929449,278907.661633481,229.017476637939,3083.81720989769,156.284819138786,454.195407181331,"call","check","RWBL",0.720161190125456
"223",229.783671137719,229.969105893924,229.854384829972,229.79191526276,229.788780172955,21.5,344.091588483172,4565832.10660861,279025.71136382,229.86162400491,225.701119440859,39.4151148295719,114.548324192759,"song","oakalee","RWBL",0.853781387358773
"224",229.300281082608,229.253365124847,229.344990596811,229.30980362849,229.30364881225,21.5,344.091588483172,4565851.02474718,279022.529585174,229.236719252484,140.586467111178,8.7286475535453,25.3672215354726,"call","check","RWBL",0.605976643859186
"225",229.564872520309,229.155575543204,229.632798401616,229.574393754954,229.56870423669,21.5,344.091588483172,4565819.02626186,278971.879083188,229.422140433325,692.225838403991,77.5375736073383,225.339927515055,"","","",0.665107265912162
"226",229.89255915933,229.490457554235,229.96304015104,229.90045488822,229.916943027961,21.5,344.091588483172,4565820.39836612,278971.032796025,229.75223687851,574.405451525252,76.6060161338263,222.632632409068,"call","check","RWBL",0.607631200434284
"227",230.370328233842,230.782531808845,230.430126780638,229.956731294641,230.77521664681,21.5,344.091588483172,4565918.76646768,279100.302150804,230.405194964565,4600.40032036637,146.713489905125,426.379181635531,"call","check","RWBL",0.665046596842343
"228",230.511708878261,230.787826835243,230.463637879863,230.132482113122,230.125399188237,21.5,344.091588483172,4565775.36223688,278980.290498959,230.395720659787,2967.42399720991,110.539401137309,321.249937043187,"","","",0.821616360967158
"229",230.709154261336,230.699168485571,230.5272041378,230.498756288236,230.908289208282,21.5,344.091588483172,4565889.02309846,279029.743967043,230.683009765325,990.283621344452,82.0310856632936,238.398985644792,"call","check","RWBL",0.731356266535571
"230",231.406307094844,231.344418499632,231.143774048363,231.430458741755,231.424072488966,21.5,344.091588483172,4565868.30285031,279010.805853516,231.325123541632,341.063954968119,55.4394001618957,161.118149985253,"","","",0.790207799488906
"231",231.893826558824,231.809876390787,231.686795923125,232.128724470221,231.933537426693,21.5,344.091588483172,4565905.30353486,279001.083782025,231.932468116372,613.103399841369,99.8249707633462,290.111627556476,"call","check","RWBL",0.607637716965899
"232",232.252153364261,232.20094730075,231.813476475499,232.198044462683,232.334942305947,21.5,344.091588483172,4565871.35533072,278972.192062276,232.090209988809,1196.73613540017,84.9378234466429,246.846555654169,"","","",0.852675209066457
"233",232.800612761847,232.887233578048,233.223498837725,232.768565382127,232.838001371521,21.5,344.091588483172,4565866.67826128,279096.244407581,233.049073117978,142.225223855978,141.01296135834,409.812288582683,"call","check","RWBL",0.747937797124455
"234",233.37344813264,232.95241412907,233.800636246024,233.811783312859,233.796223865402,21.5,344.091588483172,4565892.42446104,278873.012658254,233.425814979248,3316.9495080212,168.31795737198,489.166149378892,"song","song","DICK",0.770938257730765
"235",233.202874391108,232.868307870913,233.037391124438,233.610021291422,233.479957250249,21.5,344.091588483172,4565926.01497262,279069.034318412,233.205223202063,3194.15783764864,117.31171452863,340.931654405633,"call","check","RWBL",0.600432144907402
"236",233.804902856882,233.829983429768,234.150109075362,234.235568805198,234.250083025618,21.5,344.091588483172,4565785.72734534,279054.646807623,234.056455428419,259.307680471582,104.647576424249,304.127098501761,"call","check","RWBL",0.789829152488789
"237",234.202231220387,234.086117445613,234.027015534252,234.081821235946,234.454662566748,21.5,344.091588483172,4565879.76587943,278985.065846461,234.25796142691,304.152414715533,107.340518411385,311.953334530972,"call","check","RWBL",0.625407046927332
"238",234.79700496675,234.561176416006,234.851694896539,234.748469105494,234.42543856479,21.5,344.091588483172,4565819.24090415,278979.173578656,234.741640571928,2174.81968981059,99.1724600434181,288.215298957441,"","","",0.86917701661241
"239",235.03101430883,235.459009260613,235.220511802403,234.861372251165,235.474916832071,21.5,344.091588483172,4565875.54588889,279100.290042672,235.200903433385,2055.7051145211,123.799420369262,359.786244456006,"call","check","RWBL",0.634871697089881
"240",236.066945052044,236.109675036479,236.051966334674,235.804178870585,236.09899254037,21.5,344.091588483172,4565799.46604059,278991.335703596,235.88719285017,461.993253064751,27.4811275569998,79.8657348124734,"","","",0.575745619119754
"241",235.986562412108,236.010601034003,236.164123054031,235.771492229741,236.003517188904,21.5,344.091588483172,4565895.77326108,279004.872219682,235.937317040809,419.400247252378,61.2703576652299,178.064096060361,"call","check","RWBL",0.629096947794155
"242",236.954744606623,237.056575924095,237.028708744855,236.953699587402,236.972509933389,21.5,344.091588483172,4565844.31379802,279042.648827105,237.060361070815,197.250474213846,53.2416945599243,154.731171414636,"alarm","cheer","RWBL",0.873503258301955
"243",237.277937360393,237.342496625584,237.363629334693,237.660648400087,237.40310802204,21.5,344.091588483172,4565848.5721498,279070.650746126,237.460667392392,316.399526985931,75.9124242075771,220.616913485781,"","","",0.86499081674876
"244",237.568011441376,238.017952230193,237.381881096996,237.466876363425,237.422172568923,21.5,344.091588483172,4565896.0647483,278933.816380519,237.727736950204,478.078070783422,183.074965620511,532.053010733403,"","","",0.869637094615989
"245",237.914805533645,237.627659838525,237.597006193757,237.474739951557,237.689779914097,21.5,344.091588483172,4565864.60912956,279094.471352577,237.709880708028,446.142415269693,102.606760357446,298.196072765852,"song","song","DICK",0.653127654744064
"246",238.424863875298,238.527626177851,238.495810504518,238.420799829434,238.439958902792,21.5,344.091588483172,4565844.88287172,279042.379675245,238.528111501174,200.072356163156,52.9303227592742,153.826261759557,"alarm","cheer","RWBL",0.87486972023698
"247",239.302335607048,239.348665131163,239.335660352464,239.342046627718,239.279461130229,21.5,344.091588483172,4565844.21658006,279022.685714466,239.258540716944,142.713508213933,5.85363227516573,17.0118435645863,"song","song","COYE",0.892470371719233
"248",240.308096505947,240.413990552751,240.381479222592,240.306122603758,240.323307163985,21.5,344.091588483172,4565844.39805302,279042.260333652,240.411984805238,203.729199214248,52.6469724858633,153.002788350457,"alarm","cheer","RWBL",0.874499389741274
"249",241.995493557362,242.097326170068,242.06434958853,241.995145213191,242.00977566838,21.5,344.091588483172,4565844.0753536,279041.006122302,242.096970731953,202.599931579673,51.2898934344284,149.058841166461,"alarm","cheer","RWBL",0.87440887756303
"250",242.382535948313,241.949316011245,242.286045525449,242.332374862059,242.279427048791,21.5,344.091588483172,4565792.04089638,279025.247344415,242.187041662704,659.717713367564,68.6865041907723,199.616923196399,"song","song","DICK",0.73156678084451
"251",242.779594512018,243.168234883677,242.418938104975,242.7675184443,242.788999910914,21.5,344.091588483172,4565834.45771062,278806.334971949,242.806003053326,1931.78752030298,244.877426698377,711.663507317478,"alarm","cheer","RWBL",0.881804064844532
"252",243.182799857071,242.765601743979,243.256996793967,243.185470482343,243.199055836986,21.5,344.091588483172,4565821.62797274,278967.712217766,243.031917807721,548.866275983749,78.2718287067006,227.473821873238,"alarm","cheer","RWBL",0.878488391500147
"253",244.381097729336,244.737682815092,244.710628329588,244.762066686146,244.539825118534,21.5,344.091588483172,4565817.54670265,279064.728287417,244.606558114112,408.997617364454,73.3840189374175,213.26885455384,"call","check","RWBL",0.861877561196675
"254",244.61266947483,244.996889576689,244.464972898957,244.667591236141,244.572494148374,21.5,344.091588483172,4565890.39663966,278940.634361812,244.825899335443,1503.96957902847,170.048459285057,494.195339196363,"call","check","RWBL",0.868516418963927
"255",245.149031257003,245.251095468153,245.219396344553,245.146941204897,245.165054989811,21.5,344.091588483172,4565844.50351587,279041.970941259,245.252301555977,197.740321508775,52.4536882779793,152.441065209429,"alarm","cheer","RWBL",0.874763524114238
"256",245.902158456114,246.252701272736,245.97681861878,245.768048832663,245.943029960404,21.5,344.091588483172,4565867.31209955,279078.742608696,246.044457979821,1259.13245233102,109.106792402216,317.086485267431,"","","",0.687001878714769
"257",246.808355306733,246.908677340962,246.877094478335,246.806149150887,246.822985603391,21.5,344.091588483172,4565844.47552527,279041.462307668,246.910149286308,199.989147898235,51.8816555584838,150.778622015112,"alarm","cheer","RWBL",0.864147836086512
"258",247.44013295743,247.875447567989,247.87707317603,247.389274648701,247.331565563226,21.5,344.091588483172,4565850.61614808,278948.133760319,247.593693928053,490.955978683382,111.6915863694,324.598421198727,"song","song","DICK",0.73212206640166
"259",247.681604499859,247.359156706468,247.425341525421,247.266381846216,247.483398384152,21.5,344.091588483172,4565872.2916263,279080.163559881,247.526842203219,902.274754258108,103.995500026055,302.232032129845,"call","check","RWBL",0.872447007559604
"260",247.893675467816,247.747832978558,247.609886420247,247.476584527199,247.580973378985,21.5,344.091588483172,4565844.6113277,279090.564204982,247.679974550537,171.122969624006,87.2331323358243,253.517189188978,"call","check","RWBL",0.865217657895478
"261",248.300441835247,248.403085280642,248.373012144491,248.299629047784,248.31530423458,21.5,344.091588483172,4565844.14534616,279041.787586657,248.403657136485,204.661312183034,52.1406372818026,151.531275471305,"alarm","cheer","RWBL",0.865961882402156
"262",248.841199725824,248.722879917761,248.930142780757,248.905758914522,248.855133363673,21.5,344.091588483172,4565847.57988884,279015.218715288,248.822691447671,127.330806519801,28.7013382312673,83.4119147108152,"call","check","RWBL",0.818815358439892
"263",249.416282807815,249.004072323937,249.057833860285,249.414541073376,249.435093539755,21.5,344.091588483172,4565817.00657803,278971.791321116,249.267834130102,557.445179839541,102.296278729874,297.293750134426,"song","oakalee","RWBL",0.629829932943723
"264",249.162962572336,248.988908178475,249.506659040534,249.397976643834,248.712905980871,21.5,344.091588483172,4565859.77781679,278907.283435793,249.233842528242,5403.97513712893,179.728491254547,522.327476957016,"call","check","RWBL",0.836626007363161
"265",249.506721866097,249.06102031117,249.407780301533,249.502308979414,249.238232550049,21.5,344.091588483172,4565839.06705321,279091.245465845,249.248345047197,905.032813736889,60.505397549161,175.840966691111,"call","check","RWBL",0.834519765150909
"266",249.926822779465,250.022268430506,250.001367922979,249.926474437673,249.940408109358,21.5,344.091588483172,4565843.89561735,279041.594970353,250.029573533744,210.045348437322,51.9800516646759,151.064581072193,"alarm","cheer","RWBL",0.849058864635238
"267",251.641168356644,251.290622340191,251.66857109261,251.651734665851,251.663694334515,21.5,344.091588483172,4565812.7613839,278990.253622064,251.528800700613,685.480211168737,68.7523587261625,199.808309843427,"song","song","DICK",0.656958891184922
"268",252.011520758202,252.116954453006,252.094311754232,252.021390652539,252.031260546877,21.5,344.091588483172,4565842.02816495,279041.989623092,252.120750165649,210.67337247172,52.3617388947809,152.173841637927,"alarm","cheer","RWBL",0.855725839003641
"269",253.002178351461,252.94377204307,253.103547550715,253.015880030169,253.020756898861,21.5,344.091588483172,4565822.34609699,279021.016349591,253.094674825304,349.818133548014,61.6133178266498,179.060807903658,"","","",0.686573533623294
"270",253.405788657457,253.502860725708,253.486952982466,253.440390901881,253.425412077953,21.5,344.091588483172,4565840.1230214,279005.809577747,253.366640923309,198.517989980025,7.43022096356772,21.593730309775,"alarm","cheer","RWBL",0.84469978574828
"271",255.133029657071,255.243686434632,255.218838008191,255.135119711632,255.158690882508,21.5,344.091588483172,4565843.99832294,279046.167607597,255.249852434645,192.518955892873,57.5590188094302,167.27819201615,"alarm","cheer","RWBL",0.865085027931298
"272",255.607592546332,255.831809963522,255.686202174213,255.615139999526,255.643936436327,21.5,344.091588483172,4565826.41980103,279023.477085029,255.694368362823,302.953816703486,41.782660214285,121.42889164618,"song","song","COYE",0.515878393201864
"273",256.323966856353,256.426262150794,256.423127107718,256.35775565395,256.355549512526,21.5,344.091588483172,4565842.14630534,278997.871707001,256.274956014551,187.056283238362,5.93468306313071,17.2473936061385,"alarm","cheer","RWBL",0.843662021231289
"274",257.732758356326,257.848058220212,257.834356927222,257.752149169286,257.77316555938,21.5,344.091588483172,4565840.3156654,279048.935470975,257.866562760223,192.686314452486,61.6859390211151,179.271859835457,"alarm","cheer","RWBL",0.873093221657332
"275",258.807506557071,258.912938198231,258.912241513378,258.827013732969,258.843850283594,21.5,344.091588483172,4565839.7926486,279047.104141407,258.936232463979,196.240215766283,59.3640481746954,172.523973737296,"alarm","cheer","RWBL",0.863053624029087
"276",259.435653306542,259.004873762527,259.303864955475,259.495567658217,259.298175414328,21.5,344.091588483172,4565841.26546652,279088.466951762,259.226012257326,1120.4987638451,59.4742361876929,172.84420246908,"song","song","DICK",0.733769074979367
"277",260.283451206933,260.259299522662,260.2811289296,260.328967842676,260.265105215996,21.5,344.091588483172,4565852.06450674,279036.212395132,260.212666206569,107.918381230777,5.75281597923137,16.7188509448632,"song","oakalee","RWBL",0.61071609395616
"278",261.242010405974,261.355219554776,261.322359873636,261.249673794508,261.267322810526,21.5,344.091588483172,4565842.75378912,279043.319961569,261.354245456036,190.415944795855,53.9055556006365,156.660486349764,"alarm","cheer","RWBL",0.863012365858806
"279",261.857313663233,261.484353999154,261.573762137803,261.507228548912,261.494455957677,21.5,344.091588483172,4565804.13879315,279053.529798865,261.640601782096,148.420206853427,80.432946508116,233.75446886883,"song","song","COYE",0.229341447497723
"280",262.378484006306,262.496686644599,262.470445194448,262.390791943102,262.411692213135,21.5,344.091588483172,4565841.98371184,279046.6905403,262.502293152998,190.386114931047,58.2570110742622,169.306699216541,"alarm","cheer","RWBL",0.868167306218262
"281",262.659863038405,262.692839360199,262.229080806507,262.602154475264,262.917751808497,21.5,344.091588483172,4565840.58654815,278942.47644837,262.491807887048,3443.53740070987,94.3276232322659,274.135219777042,"call","check","RWBL",0.864265048290708
"282",262.871992078157,263.040496936234,263.298189755029,262.689667731375,262.9114763316,21.5,344.091588483172,4565977.47677548,279022.482522797,262.978267272256,1081.42084604798,156.897199322909,455.975108297604,"call","check","RWBL",0.868156025565114
"283",263.347265483409,263.449911866669,262.91368901837,263.298845187233,263.387441556495,21.5,344.091588483172,4565783.85823954,278962.928163005,263.136779705218,666.907784871959,77.7257705182096,225.886865938342,"","","",0.648024218063335
"284",263.196134449799,262.885754785449,262.99234982169,263.453681062416,263.236310792434,21.5,344.091588483172,4565898.57991021,279061.439167931,263.13706520193,1908.14994254672,83.8157684180677,243.585635985887,"call","check","RWBL",0.863076624240956
"285",263.953839407078,264.066934594192,264.051839754023,263.969050361402,263.981706804313,21.5,344.091588483172,4565840.97583124,279045.274756593,264.074750268038,211.905933002352,56.4544232656734,164.068013154684,"alarm","cheer","RWBL",0.869168589121491
"286",265.159300206306,265.268794398753,265.245687989106,265.162551359422,265.186122219514,21.5,344.091588483172,4565843.74818436,279046.170560049,265.276805290761,190.251292560578,57.5915036911409,167.372599676197,"alarm","cheer","RWBL",0.840100729166422
"287",265.94818182233,266.046762319796,265.9558453239,265.9404022071,265.791196153809,21.5,344.091588483172,4565815.50723428,279001.648440751,265.835768032992,617.968335644798,28.478506385045,82.7643201351831,"call","check","RWBL",0.802635663652134
"288",266.408331856231,266.520728719448,266.48891390486,266.421917014285,266.435037722491,21.5,344.091588483172,4565841.61061606,279042.371801607,266.521166100896,193.436779662436,52.9033382811433,153.747839388787,"alarm","cheer","RWBL",0.852837579159688
"289",267.926050607024,268.029392108872,268.0146456249,267.937545897679,267.952640723791,21.5,344.091588483172,4565841.7255053,279043.845691741,268.041506039372,197.462062047912,54.7801539784789,159.202246762152,"alarm","cheer","RWBL",0.855871025075034
"290",269.12707808733,269.149720251059,269.302641941475,269.098746354254,269.218459537867,21.5,344.091588483172,4565853.69021391,279023.839528552,269.189250880896,63.4066557090298,36.334901762186,105.596599795879,"call","check","RWBL",0.873572533639882
"291",269.76562075669,269.826464168041,269.887307579391,269.776767641212,269.785824484887,21.5,344.091588483172,4565840.14759243,279038.538491265,269.867449643282,182.83816771183,48.8180257750916,141.875092007601,"alarm","cheer","RWBL",0.839800401313796
"292",270.713441913507,270.609751206739,270.662699652748,270.726214564956,270.70624278269,21.5,344.091588483172,4565846.37420405,279039.488713701,270.62203408447,193.641681864244,12.6723215319726,36.8283386055289,"song","oakalee","RWBL",0.463097510440126
"293",271.664444213782,271.776261575021,271.752458294591,271.676752251467,271.691266446851,21.5,344.091588483172,4565841.72001736,279043.948079183,271.780561200611,199.971432556251,54.7540538295295,159.126394431485,"alarm","cheer","RWBL",0.847765119630746
"294",272.20332590483,272.030781005658,272.346145706972,272.23676663899,272.187302219712,21.5,344.091588483172,4565858.16621093,278991.119419523,272.154209850749,307.595383764238,43.8685321309431,127.490858827223,"call","check","RWBL",0.869299066771443
"295",272.38127050937,272.829469547363,272.399384252875,272.269917432314,272.252035916291,21.5,344.091588483172,4565911.99779884,279095.55346761,272.622954567918,1966.40870134642,185.690423613993,539.654062549321,"call","check","RWBL",0.86838844516696
"296",272.610404657324,272.833342863148,272.453651231355,272.390833747318,273.014944609976,21.5,344.091588483172,4565920.63992514,279025.445819595,272.668914392123,2154.65519203199,122.292706889111,355.407429249295,"call","check","RWBL",0.867326666763726
"297",273.284485206279,273.391773209156,273.376098013931,273.287736357881,273.310146081426,21.5,344.091588483172,4565843.58628648,279046.813644083,273.403431214876,199.330894801871,58.4086182164857,169.747300345129,"alarm","cheer","RWBL",0.848989073049158
"298",273.597631571876,273.857726375961,273.571738205219,273.721060490064,273.860629219757,21.5,344.091588483172,4565823.10004406,278997.519883751,273.696300837682,433.283960899202,54.7276289653028,159.049598412311,"call","check","RWBL",0.861801801581497
"299",274.002272726853,273.918670858404,273.670419754592,274.36617308202,273.843196949387,21.5,344.091588483172,4566014.23669183,278971.457365509,274.056314155632,746.900149206932,229.101754975797,665.816203138605,"call","check","RWBL",0.866929505188467
"300",274.297222002882,274.165084540174,274.363174620472,274.287932901813,273.975935219654,21.5,344.091588483172,4565826.76358875,278992.582615769,274.304318332415,2518.91531629601,88.3858983165088,256.867361117813,"call","check","RWBL",0.868235666783587
"301",274.682384006665,274.793968915983,274.769236776873,274.691440846339,274.7064194658,21.5,344.091588483172,4565842.3121117,279043.840001326,274.796352120836,202.878843444835,54.5128974958706,158.425545175849,"alarm","cheer","RWBL",0.831595387382266
"302",275.305622715787,275.007205688089,275.031822189985,274.933704529127,274.899218203358,21.5,344.091588483172,4565823.40702966,279070.874309744,275.088540158339,638.870731470994,80.6259629192214,234.315413738062,"song","song","COYE",0.265832260784893
"303",275.852751817514,275.963408485516,275.942740188659,275.871678403961,275.88328980669,21.5,344.091588483172,4565840.43290508,279043.662069499,275.971761264802,199.891912023302,54.7003753048255,158.970393743004,"alarm","cheer","RWBL",0.850857790692054
"304",277.125701357824,277.245314046168,277.216165711435,277.140333589602,277.150669054905,21.5,344.091588483172,4565841.14382777,279043.386080655,277.241266293408,210.147156120226,53.8818945731562,156.59172260118,"call","check","RWBL",0.864232101226798
"305",277.342929840469,277.453469357842,277.427460059637,277.352567214358,277.36708133166,21.5,344.091588483172,4565842.22622832,279043.323659898,277.455914680604,200.371805194038,53.9293296904637,156.729578680477,"alarm","cheer","RWBL",0.878204634438797
"306",277.313678672847,277.433856346799,277.397396646683,277.315420378267,277.337946435027,21.5,344.091588483172,4565843.98418427,279045.350390849,277.428104578926,192.82563096909,56.2810676155607,163.564206447648,"call","check","RWBL",0.862197129720561
"307",277.589127169842,277.659956516532,277.540127195574,278.034771485578,277.604221948645,21.5,344.091588483172,4565903.34069072,279053.569769065,277.776771637821,270.33810916592,112.3074128917,326.388138073281,"call","check","RWBL",0.854718971731458
"308",277.869450861324,277.641751995897,277.77156705533,277.951194870127,278.222784694826,21.5,344.091588483172,4565813.01640652,278971.793645143,277.862850706702,2844.93298200072,94.3133604074424,274.09376911303,"call","check","RWBL",0.873956797369047
"309",278.293592794824,277.846323019887,278.4981850439,278.037097744763,278.345031141215,21.5,344.091588483172,4565763.71597535,278916.697242985,278.307748757456,4176.04379309123,191.758719246952,557.28976140412,"call","check","RWBL",0.871108591995457
"310",279.074691557462,279.182330092286,279.141341524009,279.089554267772,279.100236840808,21.5,344.091588483172,4565841.69796093,279039.64195949,279.181422284041,183.290667911531,50.0579315006872,145.478509722813,"alarm","cheer","RWBL",0.848172416802038
"311",280.141291563359,279.976990652968,280.342168294791,280.021346093088,279.889092568752,21.5,344.091588483172,4565858.91177274,278976.101550872,280.14237586451,1088.65163244159,94.9206979067427,275.85881516364,"call","check","RWBL",0.867457899201121
"312",280.348487335864,280.793202917941,280.358124775372,280.492352246098,280.094778837996,21.5,344.091588483172,4565789.42579277,278956.707290295,280.559670222506,4302.46402092819,159.402134583676,463.254958618297,"call","check","RWBL",0.871126659889349
"313",281.053535357821,281.169534884342,281.13400349784,281.065379153322,281.080125839876,21.5,344.091588483172,4565841.93811791,279042.656991549,281.166243341601,191.293635094056,53.1186780362973,154.373660427026,"alarm","cheer","RWBL",0.854636015062239
"314",282.096244613336,281.80839882122,281.790633429451,282.107855980505,282.452597471748,21.5,344.091588483172,4565841.14150779,278946.177650008,282.002811228941,4199.28642102086,113.899885940051,331.016187992697,"call","check","RWBL",0.865143836910802
"315",282.32294116483,282.72457831573,282.396324998126,282.452175668719,281.935237653163,21.5,344.091588483172,4565779.29959974,278956.787496984,282.497696233952,6990.99729987581,166.369809406228,483.504435954454,"call","check","RWBL",0.868191864451854
"316",282.61545284283,283.003620809138,282.453242059422,282.172711456192,282.87473464623,21.5,344.091588483172,4565928.80671173,279079.137357542,282.617087326546,4145.57231067299,152.605005973088,443.501123191656,"call","check","RWBL",0.86819218876164
"317",282.968904454359,283.058544244339,283.076193529413,282.975290708826,282.995610609405,21.5,344.091588483172,4565841.90940958,279046.063447235,283.087480789779,196.096392566785,57.5620708516535,167.287061870356,"call","check","RWBL",0.864308286556844
"318",283.188288212893,283.123728947774,283.364084485178,283.635790744853,282.99902274141,21.5,344.091588483172,4565888.99259194,279088.152787397,283.323342015607,2291.69677174793,118.131570918537,343.314323489528,"call","check","RWBL",0.861412530203171
"319",283.336981649376,283.178834719216,283.75406224639,283.396896345384,283.387491131475,21.5,344.091588483172,4565787.49025477,278926.693095241,283.501883205095,1140.97921383637,162.511841088652,472.292396931404,"call","check","RWBL",0.856610382886326
"320",283.524676642882,283.172271371073,283.402641077586,283.40484723909,283.318923054201,21.5,344.091588483172,4565806.76240801,279056.524578328,283.293748998873,588.973394934195,47.2135247988629,137.212086488339,"call","check","RWBL",0.863043704711545
"321",283.664838489622,283.968015389896,283.387323058118,283.998437583642,283.688990460229,21.5,344.091588483172,4565922.40907637,279013.446527853,283.649010430414,2605.02071761234,96.5662778033986,280.641204363882,"call","check","RWBL",0.855979141429055
"322",283.987820133847,283.755824971957,284.423130375051,283.990026294045,283.677448228076,21.5,344.091588483172,4565764.0985232,278863.043520517,284.150856624801,3806.10531705178,263.210351288698,764.942707402365,"call","check","RWBL",0.866741636162634
"323",284.229720001359,283.81229118662,284.433847916883,284.58003508733,284.637046922667,21.5,344.091588483172,4565793.95860144,278937.001844114,284.260909062825,4115.11330510727,137.144779831494,398.570567900414,"call","check","RWBL",0.885656268814261
"324",284.471042135842,284.920982657853,284.438065849841,284.557662943434,284.705011207287,21.5,344.091588483172,4565809.43855327,278978.912872292,284.674918815565,962.676315034295,99.2842453943904,288.540169877608,"call","check","RWBL",0.875873626936386
"325",284.86105770733,284.973687957674,284.436778393147,284.810780492486,284.885673803282,21.5,344.091588483172,4565784.96364522,278957.31315982,284.661772699729,628.31351406414,80.9710694534769,235.31836337649,"call","check","RWBL",0.870358651201347
"326",285.419325565108,285.07663004234,285.376822494511,285.435815827471,285.448009331331,21.5,344.091588483172,4565805.67008041,279004.650767939,285.310490924396,851.56582674453,67.6342505450959,196.558860515137,"call","check","RWBL",0.878288252377353
"327",286.911077054287,286.685578667071,286.48910942342,286.914096085218,287.198001109288,21.5,344.091588483172,4565889.0156849,278959.11356131,286.769782564588,3732.79342254853,110.274815217022,320.480996653062,"call","check","RWBL",0.858969499147205
"328",287.469286839342,287.908893244045,287.549289167086,287.471260771957,287.492741803354,21.5,344.091588483172,4565867.52271908,279107.502007053,287.764160544237,766.045618186091,164.073171250979,476.829939302637,"call","check","RWBL",0.844740601412038
"329",288.139626103799,288.053932055056,288.331102372602,288.142529018729,288.16250107345,21.5,344.091588483172,4565830.01409763,279004.54088305,288.214926756823,295.210090589576,59.0703244084087,171.670352852283,"call","check","RWBL",0.866527778021324
"330",288.337071484842,287.99349109655,288.417073812497,288.5400382029,287.888408213345,21.5,344.091588483172,4565922.14255931,279056.52302931,288.210822104679,1803.59378598668,108.161136416152,314.338217022245,"call","check","RWBL",0.868343792153293
"331",288.532079270842,288.202200297156,288.369752341868,288.582124268257,288.830375322724,21.5,344.091588483172,4565802.09906494,278970.745151322,288.458040355807,2971.40078024899,99.789429229037,290.008336643536,"call","check","RWBL",0.868966631354844
"332",288.73196225091,288.839831990199,288.465016577471,288.545135113649,288.754488332097,21.5,344.091588483172,4565844.58848171,278984.956962054,288.655125245146,288.090636023424,66.974653723722,194.64193826696,"call","check","RWBL",0.850537438239282
"333",288.848966921933,288.955791679067,288.930130514582,288.856514323252,288.871028556559,21.5,344.091588483172,4565842.60988779,279042.736452389,288.95927148234,200.083508798593,53.2531591421938,154.764489817798,"call","check","RWBL",0.862007850716787
"334",289.014723539865,289.016116904613,289.012052924097,288.619240178885,288.6733491766,21.5,344.091588483172,4565885.88955458,279067.587769749,288.87603417214,701.353274253774,96.2060899353434,279.594425308215,"call","check","RWBL",0.867498684987805
"335",289.494930212474,289.064956562074,289.300553790446,289.510257385537,289.520243271017,21.5,344.091588483172,4565832.20958427,279098.547684351,289.249924773723,1101.13170408425,60.0802553175628,174.605417070522,"","","",0.631443359864093
"336",289.41692709737,289.005652228828,289.502619037795,289.418436575996,289.441194869116,21.5,344.091588483172,4565827.81909741,278964.827445666,289.265322879871,411.779716506137,77.0797176507527,224.009305169406,"","","",0.854704984657474
"337",289.982449675859,289.998357255151,290.040158193437,289.996847776824,290.007065783961,21.5,344.091588483172,4565847.65062633,279017.400184768,289.933126270359,112.264220008841,5.36381792118555,15.5883436291784,"call","check","RWBL",0.879397813782444
"338",290.140270750857,289.697239161196,289.690852074058,290.155483631131,290.166051357123,21.5,344.091588483172,4565841.92279936,278953.908721503,289.970924182695,423.046696786959,118.901745868471,345.552608224499,"song","oakalee","RWBL",0.611956784724076
"339",290.367590051882,290.23324642767,290.000089990835,290.381175362195,290.402308067127,21.5,344.091588483172,4565885.1153861,279003.661173118,290.239124690987,709.58533522885,73.9423148549466,214.89137581334,"call","chekc","RWBL",0.841512987068073
"340",290.579661020461,290.699724883037,290.670231439039,290.593943278775,290.616237535656,21.5,344.091588483172,4565841.72007001,279046.775778654,290.70503709371,182.746319924561,58.4300619938045,169.809620314686,"alarm","cheer","RWBL",0.867282728819435
"341",290.557722644787,290.683825244575,290.646784057345,290.572121100012,290.594183249146,21.5,344.091588483172,4565841.7244976,279046.349346045,290.682061299619,181.236965895203,57.7349515378133,167.789488235737,"call","check","RWBL",0.807602232789618
"342",290.779543999342,290.882188495316,290.726480046106,290.804276213869,290.809152988565,21.5,344.091588483172,4565850.38918704,279017.016419289,290.857998931341,219.764650140327,49.955376736706,145.18046476207,"call","check","RWBL",0.822599743225634
"343",291.089118858824,291.213592690271,290.921799090993,291.231474192177,291.131035886019,21.5,344.091588483172,4565867.82407265,279007.916011956,291.093847121116,263.586061172311,53.5577460613078,155.649681229935,"call","check","RWBL",0.849314819545089
"344",291.887642515346,291.995279907511,291.974495556705,291.897163838062,291.911445822135,21.5,344.091588483172,4565842.17051787,279043.590004355,292.001176357554,203.253901540371,54.289293376214,157.775706216861,"alarm","cheer","RWBL",0.86133013772387
"345",292.030429669597,292.177796858907,292.222970883054,292.003255577951,292.041229629097,21.5,344.091588483172,4565851.11514395,279009.158735249,292.081394290038,97.2024330751658,32.178797094775,93.518116024358,"","","",0.308288968754363
"346",292.825028323463,292.936961184973,292.913854712524,292.845115859813,292.852547087133,21.5,344.091588483172,4565840.19915781,279042.662982757,292.941723080311,208.786711176403,53.4564818478069,155.355386870845,"song","song","DICK",0.485026391081784
"347",293.225785407382,293.336558893084,293.313452054871,293.239370834874,293.251562885187,21.5,344.091588483172,4565841.42516819,279043.340060882,293.340859069991,203.643134947667,54.0406836402251,157.053195861159,"alarm","cheer","RWBL",0.87546622602995
"348",294.029259471597,293.958653284756,294.409929011833,294.25942635041,293.652770560844,21.5,344.091588483172,4565831.73223811,278925.836819984,294.169288981817,5539.84592018596,167.583938923693,487.03294277677,"call","check","RWBL",0.875803256739044
"349",294.229084380319,293.979091719154,294.397333040805,294.00881681031,293.877027831944,21.5,344.091588483172,4565868.3974472,278968.252390517,294.163946943553,1295.2942205663,109.444765816521,318.068704611397,"call","check","RWBL",0.865001979071387
"350",294.650788715469,294.761560458719,294.737060628713,294.664025590449,294.684113128795,21.5,344.091588483172,4565841.75816684,279044.867913006,294.770473564641,181.031215775426,56.0824535383299,162.986993624439,"alarm","cheer","RWBL",0.858839031855367
"351",294.499657682882,294.60973353055,294.592780921099,294.512662424378,294.529498920066,21.5,344.091588483172,4565841.53983947,279045.385833238,294.620072753384,197.828707568186,56.6606193938505,164.667260956952,"call","check","RWBL",0.864442495542868
"352",294.80679494437,294.845576933668,294.864619587096,294.79541579781,294.81248451765,21.5,344.091588483172,4565842.20355043,279010.63764276,294.745441702355,26.0853613148263,1.14417156822279,3.32519482172331,"call","check","RWBL",0.842829996432799
"353",296.232175505947,296.343178476061,296.319956097376,296.244367254756,296.2577201225,21.5,344.091588483172,4565841.69834207,279043.614673225,296.347244195757,202.886123875723,54.3315531395765,157.898521667098,"alarm","cheer","RWBL",0.871261302435781
"354",296.775091808372,296.914083550593,297.203910942894,296.797618456652,296.883893197228,21.5,344.091588483172,4565849.49602716,279090.328847299,297.03319245531,478.724177725951,124.409347469929,361.558816413826,"call","check","RWBL",0.874299566487942
"355",296.864127082359,296.908366408761,297.203527478876,297.294212292315,297.291773904245,21.5,344.091588483172,4565793.54900529,279062.219257585,297.114113410858,124.5681265411,99.8958735060447,290.317685318629,"call","check","RWBL",0.870107120146536
"356",297.068885257347,297.181515541023,297.377399343662,296.861157857868,297.333508367137,21.5,344.091588483172,4565941.27063989,279006.109178879,297.103746922379,547.319068544349,103.322894366784,300.277303558199,"call","check","RWBL",0.8667550179525
"357",297.400398494333,297.14459347899,297.378684677779,297.201142295364,297.30042204485,21.5,344.091588483172,4565827.59712804,279020.66565413,297.287827389682,239.018576477504,43.7475403519647,127.139232158545,"call","check","RWBL",0.868212138845837
"358",297.705098157498,297.816450520279,297.784519446489,297.718102813005,297.730410790539,21.5,344.091588483172,4565841.6989893,279042.016307737,297.816613304407,195.27223386669,52.4758445646461,152.505455875776,"alarm","cheer","RWBL",0.875090780036388
"359",297.778226077376,297.875181060257,297.846500963524,297.780896693671,297.794946457657,21.5,344.091588483172,4565843.55836828,279040.661985498,297.880592169907,196.604555378655,51.056325222773,148.380044533608,"call","check","RWBL",0.849184485303254
"360",298.36542865693,298.672317587188,298.512544916724,298.0855942559,298.347895464168,21.5,344.091588483172,4565891.61249975,279068.746162162,298.408015726187,2228.28484114611,106.552062542657,309.661921735317,"call","check","RWBL",0.880126166944436
"361",298.865394481864,298.762866059156,298.600306838554,298.658828157971,299.179133777627,21.5,344.091588483172,4565896.26658519,278987.457152026,298.826739961405,2523.83298898184,107.601155635879,312.710799209617,"call","check","RWBL",0.865781635123686
"362",299.12377979783,298.733405671977,299.293770196477,299.152111530938,298.871348700387,21.5,344.091588483172,4565886.43842721,278947.400426025,298.961031327839,1268.35549028352,97.0685340516031,282.100862969367,"call","che","RWBL",0.863463754904262
"363",299.689332016203,299.845972405974,299.817995098559,299.690145310023,299.732273929909,21.5,344.091588483172,4565840.47986548,279035.59046198,299.781976544761,92.194853462388,42.1394755263042,122.465869369443,"alarm","cheer","RWBL",0.863724692905375
"364",299.408978684359,299.523350696186,299.499895725232,299.410023707817,299.437078204016,21.5,344.091588483172,4565844.56572982,279049.184753402,299.533360326312,196.413631690956,61.6823132383896,179.261322574894,"call","check","RWBL",0.832829957439613
"365",299.867600018206,299.936017181088,299.799823765514,299.838598832066,299.879937539381,21.5,344.091588483172,4565858.36586994,279021.383154215,299.932508306653,143.998178483502,55.2760965817921,160.643556634037,"call","","RWBL",0.868374620363296
